{
  "dataset_revision": "50e91b691d2a347735bc2c1b4dd235f4047d1984",
  "task_name": "ToolRetrieval",
  "mteb_version": "1.36.37",
  "scores": {
    "dev": [
      {
        "ndcg_at_1": 0.34669,
        "ndcg_at_3": 0.3735,
        "ndcg_at_5": 0.3998,
        "ndcg_at_10": 0.42835,
        "ndcg_at_20": 0.4497,
        "ndcg_at_100": 0.47217,
        "ndcg_at_1000": 0.47217,
        "map_at_1": 0.23833,
        "map_at_3": 0.32476,
        "map_at_5": 0.34572,
        "map_at_10": 0.3605,
        "map_at_20": 0.36781,
        "map_at_100": 0.37189,
        "map_at_1000": 0.37189,
        "recall_at_1": 0.23833,
        "recall_at_3": 0.39832,
        "recall_at_5": 0.46347,
        "recall_at_10": 0.54015,
        "recall_at_20": 0.61219,
        "recall_at_100": 0.71298,
        "recall_at_1000": 0.71298,
        "precision_at_1": 0.34669,
        "precision_at_3": 0.20529,
        "precision_at_5": 0.14739,
        "precision_at_10": 0.08797,
        "precision_at_20": 0.05056,
        "precision_at_100": 0.01202,
        "precision_at_1000": 0.0012,
        "mrr_at_1": 0.361638,
        "mrr_at_3": 0.43979,
        "mrr_at_5": 0.452954,
        "mrr_at_10": 0.462351,
        "mrr_at_20": 0.466724,
        "mrr_at_100": 0.469029,
        "mrr_at_1000": 0.469029,
        "nauc_ndcg_at_1_max": 0.287132,
        "nauc_ndcg_at_1_std": -0.034796,
        "nauc_ndcg_at_1_diff1": 0.438521,
        "nauc_ndcg_at_3_max": 0.35608,
        "nauc_ndcg_at_3_std": 0.024326,
        "nauc_ndcg_at_3_diff1": 0.356935,
        "nauc_ndcg_at_5_max": 0.371159,
        "nauc_ndcg_at_5_std": 0.052365,
        "nauc_ndcg_at_5_diff1": 0.346365,
        "nauc_ndcg_at_10_max": 0.375613,
        "nauc_ndcg_at_10_std": 0.071758,
        "nauc_ndcg_at_10_diff1": 0.335882,
        "nauc_ndcg_at_20_max": 0.375035,
        "nauc_ndcg_at_20_std": 0.083137,
        "nauc_ndcg_at_20_diff1": 0.333026,
        "nauc_ndcg_at_100_max": 0.368285,
        "nauc_ndcg_at_100_std": 0.079084,
        "nauc_ndcg_at_100_diff1": 0.333176,
        "nauc_ndcg_at_1000_max": 0.368285,
        "nauc_ndcg_at_1000_std": 0.079084,
        "nauc_ndcg_at_1000_diff1": 0.333176,
        "nauc_map_at_1_max": 0.341789,
        "nauc_map_at_1_std": -0.026039,
        "nauc_map_at_1_diff1": 0.452987,
        "nauc_map_at_3_max": 0.366014,
        "nauc_map_at_3_std": 0.017139,
        "nauc_map_at_3_diff1": 0.377434,
        "nauc_map_at_5_max": 0.369812,
        "nauc_map_at_5_std": 0.030935,
        "nauc_map_at_5_diff1": 0.370565,
        "nauc_map_at_10_max": 0.37087,
        "nauc_map_at_10_std": 0.040444,
        "nauc_map_at_10_diff1": 0.364903,
        "nauc_map_at_20_max": 0.36987,
        "nauc_map_at_20_std": 0.044122,
        "nauc_map_at_20_diff1": 0.363794,
        "nauc_map_at_100_max": 0.368545,
        "nauc_map_at_100_std": 0.043745,
        "nauc_map_at_100_diff1": 0.363891,
        "nauc_map_at_1000_max": 0.368545,
        "nauc_map_at_1000_std": 0.043745,
        "nauc_map_at_1000_diff1": 0.363891,
        "nauc_recall_at_1_max": 0.341789,
        "nauc_recall_at_1_std": -0.026039,
        "nauc_recall_at_1_diff1": 0.452987,
        "nauc_recall_at_3_max": 0.381891,
        "nauc_recall_at_3_std": 0.070046,
        "nauc_recall_at_3_diff1": 0.285956,
        "nauc_recall_at_5_max": 0.399265,
        "nauc_recall_at_5_std": 0.118625,
        "nauc_recall_at_5_diff1": 0.258585,
        "nauc_recall_at_10_max": 0.410325,
        "nauc_recall_at_10_std": 0.170967,
        "nauc_recall_at_10_diff1": 0.223942,
        "nauc_recall_at_20_max": 0.413876,
        "nauc_recall_at_20_std": 0.222802,
        "nauc_recall_at_20_diff1": 0.202056,
        "nauc_recall_at_100_max": 0.394621,
        "nauc_recall_at_100_std": 0.23668,
        "nauc_recall_at_100_diff1": 0.175685,
        "nauc_recall_at_1000_max": 0.394621,
        "nauc_recall_at_1000_std": 0.23668,
        "nauc_recall_at_1000_diff1": 0.175685,
        "nauc_precision_at_1_max": 0.287132,
        "nauc_precision_at_1_std": -0.034796,
        "nauc_precision_at_1_diff1": 0.438521,
        "nauc_precision_at_3_max": 0.251964,
        "nauc_precision_at_3_std": 0.036367,
        "nauc_precision_at_3_diff1": 0.232402,
        "nauc_precision_at_5_max": 0.214416,
        "nauc_precision_at_5_std": 0.06493,
        "nauc_precision_at_5_diff1": 0.179669,
        "nauc_precision_at_10_max": 0.170812,
        "nauc_precision_at_10_std": 0.090856,
        "nauc_precision_at_10_diff1": 0.121137,
        "nauc_precision_at_20_max": 0.121465,
        "nauc_precision_at_20_std": 0.101968,
        "nauc_precision_at_20_diff1": 0.08084,
        "nauc_precision_at_100_max": 0.025226,
        "nauc_precision_at_100_std": 0.054861,
        "nauc_precision_at_100_diff1": 0.029108,
        "nauc_precision_at_1000_max": 0.025226,
        "nauc_precision_at_1000_std": 0.054861,
        "nauc_precision_at_1000_diff1": 0.029108,
        "nauc_mrr_at_1_max": 0.303048,
        "nauc_mrr_at_1_std": -0.016533,
        "nauc_mrr_at_1_diff1": 0.393785,
        "nauc_mrr_at_3_max": 0.32714,
        "nauc_mrr_at_3_std": 0.026373,
        "nauc_mrr_at_3_diff1": 0.343176,
        "nauc_mrr_at_5_max": 0.329878,
        "nauc_mrr_at_5_std": 0.03461,
        "nauc_mrr_at_5_diff1": 0.340295,
        "nauc_mrr_at_10_max": 0.330642,
        "nauc_mrr_at_10_std": 0.039016,
        "nauc_mrr_at_10_diff1": 0.33791,
        "nauc_mrr_at_20_max": 0.33027,
        "nauc_mrr_at_20_std": 0.039688,
        "nauc_mrr_at_20_diff1": 0.338076,
        "nauc_mrr_at_100_max": 0.329683,
        "nauc_mrr_at_100_std": 0.038876,
        "nauc_mrr_at_100_diff1": 0.338252,
        "nauc_mrr_at_1000_max": 0.329683,
        "nauc_mrr_at_1000_std": 0.038876,
        "nauc_mrr_at_1000_diff1": 0.338252,
        "main_score": 0.42835,
        "hf_subset": "default",
        "languages": [
          "eng-Latn"
        ]
      }
    ]
  },
  "evaluation_time": 5270.623473644257,
  "kg_co2_emissions": null
}