{
  "dataset_revision": "50e91b691d2a347735bc2c1b4dd235f4047d1984",
  "task_name": "ToolRetrieval",
  "mteb_version": "1.36.37",
  "scores": {
    "dev": [
      {
        "ndcg_at_1": 0.31981,
        "ndcg_at_3": 0.34029,
        "ndcg_at_5": 0.36579,
        "ndcg_at_10": 0.3952,
        "ndcg_at_20": 0.41645,
        "ndcg_at_100": 0.44644,
        "ndcg_at_1000": 0.44644,
        "map_at_1": 0.2209,
        "map_at_3": 0.29605,
        "map_at_5": 0.31597,
        "map_at_10": 0.33092,
        "map_at_20": 0.33826,
        "map_at_100": 0.34335,
        "map_at_1000": 0.34335,
        "recall_at_1": 0.2209,
        "recall_at_3": 0.35918,
        "recall_at_5": 0.4225,
        "recall_at_10": 0.50203,
        "recall_at_20": 0.57316,
        "recall_at_100": 0.71298,
        "recall_at_1000": 0.71298,
        "precision_at_1": 0.31981,
        "precision_at_3": 0.18775,
        "precision_at_5": 0.13652,
        "precision_at_10": 0.08285,
        "precision_at_20": 0.04812,
        "precision_at_100": 0.01202,
        "precision_at_1000": 0.0012,
        "mrr_at_1": 0.319055,
        "mrr_at_3": 0.388749,
        "mrr_at_5": 0.403823,
        "mrr_at_10": 0.413962,
        "mrr_at_20": 0.418293,
        "mrr_at_100": 0.421678,
        "mrr_at_1000": 0.421678,
        "nauc_ndcg_at_1_max": 0.330497,
        "nauc_ndcg_at_1_std": 0.048928,
        "nauc_ndcg_at_1_diff1": 0.461053,
        "nauc_ndcg_at_3_max": 0.380657,
        "nauc_ndcg_at_3_std": 0.091767,
        "nauc_ndcg_at_3_diff1": 0.430438,
        "nauc_ndcg_at_5_max": 0.390578,
        "nauc_ndcg_at_5_std": 0.109868,
        "nauc_ndcg_at_5_diff1": 0.422881,
        "nauc_ndcg_at_10_max": 0.39722,
        "nauc_ndcg_at_10_std": 0.127104,
        "nauc_ndcg_at_10_diff1": 0.414104,
        "nauc_ndcg_at_20_max": 0.401234,
        "nauc_ndcg_at_20_std": 0.14087,
        "nauc_ndcg_at_20_diff1": 0.40949,
        "nauc_ndcg_at_100_max": 0.399322,
        "nauc_ndcg_at_100_std": 0.142849,
        "nauc_ndcg_at_100_diff1": 0.410651,
        "nauc_ndcg_at_1000_max": 0.399322,
        "nauc_ndcg_at_1000_std": 0.142849,
        "nauc_ndcg_at_1000_diff1": 0.410651,
        "nauc_map_at_1_max": 0.344804,
        "nauc_map_at_1_std": 0.056263,
        "nauc_map_at_1_diff1": 0.476923,
        "nauc_map_at_3_max": 0.376643,
        "nauc_map_at_3_std": 0.083067,
        "nauc_map_at_3_diff1": 0.444047,
        "nauc_map_at_5_max": 0.38195,
        "nauc_map_at_5_std": 0.092852,
        "nauc_map_at_5_diff1": 0.439029,
        "nauc_map_at_10_max": 0.386375,
        "nauc_map_at_10_std": 0.102312,
        "nauc_map_at_10_diff1": 0.435191,
        "nauc_map_at_20_max": 0.387904,
        "nauc_map_at_20_std": 0.107208,
        "nauc_map_at_20_diff1": 0.433653,
        "nauc_map_at_100_max": 0.388175,
        "nauc_map_at_100_std": 0.10846,
        "nauc_map_at_100_diff1": 0.434188,
        "nauc_map_at_1000_max": 0.388175,
        "nauc_map_at_1000_std": 0.10846,
        "nauc_map_at_1000_diff1": 0.434188,
        "nauc_recall_at_1_max": 0.344804,
        "nauc_recall_at_1_std": 0.056263,
        "nauc_recall_at_1_diff1": 0.476923,
        "nauc_recall_at_3_max": 0.388965,
        "nauc_recall_at_3_std": 0.115518,
        "nauc_recall_at_3_diff1": 0.385584,
        "nauc_recall_at_5_max": 0.395543,
        "nauc_recall_at_5_std": 0.144601,
        "nauc_recall_at_5_diff1": 0.360562,
        "nauc_recall_at_10_max": 0.401544,
        "nauc_recall_at_10_std": 0.184044,
        "nauc_recall_at_10_diff1": 0.326552,
        "nauc_recall_at_20_max": 0.411348,
        "nauc_recall_at_20_std": 0.231874,
        "nauc_recall_at_20_diff1": 0.301096,
        "nauc_recall_at_100_max": 0.391548,
        "nauc_recall_at_100_std": 0.257643,
        "nauc_recall_at_100_diff1": 0.266504,
        "nauc_recall_at_1000_max": 0.391548,
        "nauc_recall_at_1000_std": 0.257643,
        "nauc_recall_at_1000_diff1": 0.266504,
        "nauc_precision_at_1_max": 0.330497,
        "nauc_precision_at_1_std": 0.048928,
        "nauc_precision_at_1_diff1": 0.461053,
        "nauc_precision_at_3_max": 0.342881,
        "nauc_precision_at_3_std": 0.10189,
        "nauc_precision_at_3_diff1": 0.332502,
        "nauc_precision_at_5_max": 0.315623,
        "nauc_precision_at_5_std": 0.119485,
        "nauc_precision_at_5_diff1": 0.27882,
        "nauc_precision_at_10_max": 0.28323,
        "nauc_precision_at_10_std": 0.142676,
        "nauc_precision_at_10_diff1": 0.21545,
        "nauc_precision_at_20_max": 0.247579,
        "nauc_precision_at_20_std": 0.161699,
        "nauc_precision_at_20_diff1": 0.160759,
        "nauc_precision_at_100_max": 0.165426,
        "nauc_precision_at_100_std": 0.140411,
        "nauc_precision_at_100_diff1": 0.091099,
        "nauc_precision_at_1000_max": 0.165426,
        "nauc_precision_at_1000_std": 0.140411,
        "nauc_precision_at_1000_diff1": 0.091099,
        "nauc_mrr_at_1_max": 0.332277,
        "nauc_mrr_at_1_std": 0.051816,
        "nauc_mrr_at_1_diff1": 0.463385,
        "nauc_mrr_at_3_max": 0.366721,
        "nauc_mrr_at_3_std": 0.087991,
        "nauc_mrr_at_3_diff1": 0.430927,
        "nauc_mrr_at_5_max": 0.367996,
        "nauc_mrr_at_5_std": 0.09437,
        "nauc_mrr_at_5_diff1": 0.427161,
        "nauc_mrr_at_10_max": 0.368598,
        "nauc_mrr_at_10_std": 0.098052,
        "nauc_mrr_at_10_diff1": 0.424687,
        "nauc_mrr_at_20_max": 0.369051,
        "nauc_mrr_at_20_std": 0.100018,
        "nauc_mrr_at_20_diff1": 0.424464,
        "nauc_mrr_at_100_max": 0.368101,
        "nauc_mrr_at_100_std": 0.099185,
        "nauc_mrr_at_100_diff1": 0.424557,
        "nauc_mrr_at_1000_max": 0.368101,
        "nauc_mrr_at_1000_std": 0.099185,
        "nauc_mrr_at_1000_diff1": 0.424557,
        "main_score": 0.3952,
        "hf_subset": "default",
        "languages": [
          "eng-Latn"
        ]
      }
    ]
  },
  "evaluation_time": 3530.052146434784,
  "kg_co2_emissions": null
}