{
  "dataset_revision": "50e91b691d2a347735bc2c1b4dd235f4047d1984",
  "task_name": "ToolRetrieval",
  "mteb_version": "1.36.37",
  "scores": {
    "dev": [
      {
        "ndcg_at_1": 0.27421,
        "ndcg_at_3": 0.30017,
        "ndcg_at_5": 0.32491,
        "ndcg_at_10": 0.3549,
        "ndcg_at_20": 0.37852,
        "ndcg_at_100": 0.4153,
        "ndcg_at_1000": 0.4153,
        "map_at_1": 0.19098,
        "map_at_3": 0.25941,
        "map_at_5": 0.27809,
        "map_at_10": 0.29325,
        "map_at_20": 0.30094,
        "map_at_100": 0.30716,
        "map_at_1000": 0.30716,
        "recall_at_1": 0.19098,
        "recall_at_3": 0.32002,
        "recall_at_5": 0.38012,
        "recall_at_10": 0.46089,
        "recall_at_20": 0.54117,
        "recall_at_100": 0.71298,
        "recall_at_1000": 0.71298,
        "precision_at_1": 0.27421,
        "precision_at_3": 0.16698,
        "precision_at_5": 0.1224,
        "precision_at_10": 0.07589,
        "precision_at_20": 0.04514,
        "precision_at_100": 0.01202,
        "precision_at_1000": 0.0012,
        "mrr_at_1": 0.275091,
        "mrr_at_3": 0.344911,
        "mrr_at_5": 0.359362,
        "mrr_at_10": 0.369686,
        "mrr_at_20": 0.375306,
        "mrr_at_100": 0.3793,
        "mrr_at_1000": 0.3793,
        "nauc_ndcg_at_1_max": 0.338,
        "nauc_ndcg_at_1_std": 0.15145,
        "nauc_ndcg_at_1_diff1": 0.361967,
        "nauc_ndcg_at_3_max": 0.354777,
        "nauc_ndcg_at_3_std": 0.171799,
        "nauc_ndcg_at_3_diff1": 0.332177,
        "nauc_ndcg_at_5_max": 0.36109,
        "nauc_ndcg_at_5_std": 0.184082,
        "nauc_ndcg_at_5_diff1": 0.323945,
        "nauc_ndcg_at_10_max": 0.366375,
        "nauc_ndcg_at_10_std": 0.197434,
        "nauc_ndcg_at_10_diff1": 0.316833,
        "nauc_ndcg_at_20_max": 0.36968,
        "nauc_ndcg_at_20_std": 0.204851,
        "nauc_ndcg_at_20_diff1": 0.316342,
        "nauc_ndcg_at_100_max": 0.369679,
        "nauc_ndcg_at_100_std": 0.207132,
        "nauc_ndcg_at_100_diff1": 0.319024,
        "nauc_ndcg_at_1000_max": 0.369679,
        "nauc_ndcg_at_1000_std": 0.207132,
        "nauc_ndcg_at_1000_diff1": 0.319024,
        "nauc_map_at_1_max": 0.279766,
        "nauc_map_at_1_std": 0.086212,
        "nauc_map_at_1_diff1": 0.388676,
        "nauc_map_at_3_max": 0.330394,
        "nauc_map_at_3_std": 0.141062,
        "nauc_map_at_3_diff1": 0.348054,
        "nauc_map_at_5_max": 0.342431,
        "nauc_map_at_5_std": 0.157688,
        "nauc_map_at_5_diff1": 0.339939,
        "nauc_map_at_10_max": 0.348331,
        "nauc_map_at_10_std": 0.167767,
        "nauc_map_at_10_diff1": 0.335902,
        "nauc_map_at_20_max": 0.350952,
        "nauc_map_at_20_std": 0.171758,
        "nauc_map_at_20_diff1": 0.336019,
        "nauc_map_at_100_max": 0.35159,
        "nauc_map_at_100_std": 0.172927,
        "nauc_map_at_100_diff1": 0.336847,
        "nauc_map_at_1000_max": 0.35159,
        "nauc_map_at_1000_std": 0.172927,
        "nauc_map_at_1000_diff1": 0.336847,
        "nauc_recall_at_1_max": 0.279766,
        "nauc_recall_at_1_std": 0.086212,
        "nauc_recall_at_1_diff1": 0.388676,
        "nauc_recall_at_3_max": 0.333523,
        "nauc_recall_at_3_std": 0.161761,
        "nauc_recall_at_3_diff1": 0.299094,
        "nauc_recall_at_5_max": 0.348525,
        "nauc_recall_at_5_std": 0.191934,
        "nauc_recall_at_5_diff1": 0.277478,
        "nauc_recall_at_10_max": 0.350273,
        "nauc_recall_at_10_std": 0.216512,
        "nauc_recall_at_10_diff1": 0.252589,
        "nauc_recall_at_20_max": 0.348102,
        "nauc_recall_at_20_std": 0.230587,
        "nauc_recall_at_20_diff1": 0.241311,
        "nauc_recall_at_100_max": 0.317153,
        "nauc_recall_at_100_std": 0.226954,
        "nauc_recall_at_100_diff1": 0.21749,
        "nauc_recall_at_1000_max": 0.317153,
        "nauc_recall_at_1000_std": 0.226954,
        "nauc_recall_at_1000_diff1": 0.21749,
        "nauc_precision_at_1_max": 0.338,
        "nauc_precision_at_1_std": 0.15145,
        "nauc_precision_at_1_diff1": 0.361967,
        "nauc_precision_at_3_max": 0.404744,
        "nauc_precision_at_3_std": 0.253419,
        "nauc_precision_at_3_diff1": 0.249446,
        "nauc_precision_at_5_max": 0.402185,
        "nauc_precision_at_5_std": 0.281045,
        "nauc_precision_at_5_diff1": 0.205884,
        "nauc_precision_at_10_max": 0.389429,
        "nauc_precision_at_10_std": 0.301411,
        "nauc_precision_at_10_diff1": 0.165515,
        "nauc_precision_at_20_max": 0.365227,
        "nauc_precision_at_20_std": 0.305147,
        "nauc_precision_at_20_diff1": 0.137584,
        "nauc_precision_at_100_max": 0.297104,
        "nauc_precision_at_100_std": 0.285076,
        "nauc_precision_at_100_diff1": 0.086974,
        "nauc_precision_at_1000_max": 0.297104,
        "nauc_precision_at_1000_std": 0.285076,
        "nauc_precision_at_1000_diff1": 0.086974,
        "nauc_mrr_at_1_max": 0.33714,
        "nauc_mrr_at_1_std": 0.14914,
        "nauc_mrr_at_1_diff1": 0.358774,
        "nauc_mrr_at_3_max": 0.371208,
        "nauc_mrr_at_3_std": 0.190946,
        "nauc_mrr_at_3_diff1": 0.322412,
        "nauc_mrr_at_5_max": 0.372489,
        "nauc_mrr_at_5_std": 0.196364,
        "nauc_mrr_at_5_diff1": 0.321105,
        "nauc_mrr_at_10_max": 0.372497,
        "nauc_mrr_at_10_std": 0.199031,
        "nauc_mrr_at_10_diff1": 0.319506,
        "nauc_mrr_at_20_max": 0.371655,
        "nauc_mrr_at_20_std": 0.199043,
        "nauc_mrr_at_20_diff1": 0.319827,
        "nauc_mrr_at_100_max": 0.371103,
        "nauc_mrr_at_100_std": 0.198395,
        "nauc_mrr_at_100_diff1": 0.319979,
        "nauc_mrr_at_1000_max": 0.371103,
        "nauc_mrr_at_1000_std": 0.198395,
        "nauc_mrr_at_1000_diff1": 0.319979,
        "main_score": 0.3549,
        "hf_subset": "default",
        "languages": [
          "eng-Latn"
        ]
      }
    ]
  },
  "evaluation_time": 6592.282087087631,
  "kg_co2_emissions": null
}