{
  "dataset_revision": "50e91b691d2a347735bc2c1b4dd235f4047d1984",
  "task_name": "ToolRetrieval",
  "mteb_version": "1.36.37",
  "scores": {
    "dev": [
      {
        "ndcg_at_1": 0.28652,
        "ndcg_at_3": 0.30513,
        "ndcg_at_5": 0.33215,
        "ndcg_at_10": 0.36333,
        "ndcg_at_20": 0.3862,
        "ndcg_at_100": 0.42084,
        "ndcg_at_1000": 0.42084,
        "map_at_1": 0.1946,
        "map_at_3": 0.26312,
        "map_at_5": 0.28343,
        "map_at_10": 0.2989,
        "map_at_20": 0.30647,
        "map_at_100": 0.31243,
        "map_at_1000": 0.31243,
        "recall_at_1": 0.1946,
        "recall_at_3": 0.32118,
        "recall_at_5": 0.38899,
        "recall_at_10": 0.47355,
        "recall_at_20": 0.55172,
        "recall_at_100": 0.71298,
        "recall_at_1000": 0.71298,
        "precision_at_1": 0.28652,
        "precision_at_3": 0.17046,
        "precision_at_5": 0.12634,
        "precision_at_10": 0.07833,
        "precision_at_20": 0.04607,
        "precision_at_100": 0.01202,
        "precision_at_1000": 0.0012,
        "mrr_at_1": 0.289034,
        "mrr_at_3": 0.354541,
        "mrr_at_5": 0.370896,
        "mrr_at_10": 0.382773,
        "mrr_at_20": 0.387715,
        "mrr_at_100": 0.391386,
        "mrr_at_1000": 0.391386,
        "nauc_ndcg_at_1_max": 0.283465,
        "nauc_ndcg_at_1_std": 0.063318,
        "nauc_ndcg_at_1_diff1": 0.421307,
        "nauc_ndcg_at_3_max": 0.313397,
        "nauc_ndcg_at_3_std": 0.08335,
        "nauc_ndcg_at_3_diff1": 0.398594,
        "nauc_ndcg_at_5_max": 0.320523,
        "nauc_ndcg_at_5_std": 0.080059,
        "nauc_ndcg_at_5_diff1": 0.383585,
        "nauc_ndcg_at_10_max": 0.328572,
        "nauc_ndcg_at_10_std": 0.078134,
        "nauc_ndcg_at_10_diff1": 0.371142,
        "nauc_ndcg_at_20_max": 0.333046,
        "nauc_ndcg_at_20_std": 0.074631,
        "nauc_ndcg_at_20_diff1": 0.364996,
        "nauc_ndcg_at_100_max": 0.328838,
        "nauc_ndcg_at_100_std": 0.066459,
        "nauc_ndcg_at_100_diff1": 0.36322,
        "nauc_ndcg_at_1000_max": 0.328838,
        "nauc_ndcg_at_1000_std": 0.066459,
        "nauc_ndcg_at_1000_diff1": 0.36322,
        "nauc_map_at_1_max": 0.250039,
        "nauc_map_at_1_std": 0.07139,
        "nauc_map_at_1_diff1": 0.456482,
        "nauc_map_at_3_max": 0.294053,
        "nauc_map_at_3_std": 0.080311,
        "nauc_map_at_3_diff1": 0.417889,
        "nauc_map_at_5_max": 0.306236,
        "nauc_map_at_5_std": 0.081754,
        "nauc_map_at_5_diff1": 0.406028,
        "nauc_map_at_10_max": 0.312077,
        "nauc_map_at_10_std": 0.081625,
        "nauc_map_at_10_diff1": 0.399474,
        "nauc_map_at_20_max": 0.314216,
        "nauc_map_at_20_std": 0.080333,
        "nauc_map_at_20_diff1": 0.397312,
        "nauc_map_at_100_max": 0.314169,
        "nauc_map_at_100_std": 0.078792,
        "nauc_map_at_100_diff1": 0.396788,
        "nauc_map_at_1000_max": 0.314169,
        "nauc_map_at_1000_std": 0.078792,
        "nauc_map_at_1000_diff1": 0.396788,
        "nauc_recall_at_1_max": 0.250039,
        "nauc_recall_at_1_std": 0.07139,
        "nauc_recall_at_1_diff1": 0.456482,
        "nauc_recall_at_3_max": 0.295584,
        "nauc_recall_at_3_std": 0.076365,
        "nauc_recall_at_3_diff1": 0.360748,
        "nauc_recall_at_5_max": 0.314988,
        "nauc_recall_at_5_std": 0.079175,
        "nauc_recall_at_5_diff1": 0.320224,
        "nauc_recall_at_10_max": 0.329778,
        "nauc_recall_at_10_std": 0.077006,
        "nauc_recall_at_10_diff1": 0.279799,
        "nauc_recall_at_20_max": 0.336007,
        "nauc_recall_at_20_std": 0.066322,
        "nauc_recall_at_20_diff1": 0.249927,
        "nauc_recall_at_100_max": 0.300852,
        "nauc_recall_at_100_std": 0.017345,
        "nauc_recall_at_100_diff1": 0.204162,
        "nauc_recall_at_1000_max": 0.300852,
        "nauc_recall_at_1000_std": 0.017345,
        "nauc_recall_at_1000_diff1": 0.204162,
        "nauc_precision_at_1_max": 0.283465,
        "nauc_precision_at_1_std": 0.063318,
        "nauc_precision_at_1_diff1": 0.421307,
        "nauc_precision_at_3_max": 0.339772,
        "nauc_precision_at_3_std": 0.078716,
        "nauc_precision_at_3_diff1": 0.301446,
        "nauc_precision_at_5_max": 0.346108,
        "nauc_precision_at_5_std": 0.078261,
        "nauc_precision_at_5_diff1": 0.244307,
        "nauc_precision_at_10_max": 0.339212,
        "nauc_precision_at_10_std": 0.067275,
        "nauc_precision_at_10_diff1": 0.187613,
        "nauc_precision_at_20_max": 0.31509,
        "nauc_precision_at_20_std": 0.045569,
        "nauc_precision_at_20_diff1": 0.133178,
        "nauc_precision_at_100_max": 0.223163,
        "nauc_precision_at_100_std": 0.004235,
        "nauc_precision_at_100_diff1": 0.04769,
        "nauc_precision_at_1000_max": 0.223163,
        "nauc_precision_at_1000_std": 0.004235,
        "nauc_precision_at_1000_diff1": 0.04769,
        "nauc_mrr_at_1_max": 0.278168,
        "nauc_mrr_at_1_std": 0.068025,
        "nauc_mrr_at_1_diff1": 0.412146,
        "nauc_mrr_at_3_max": 0.306266,
        "nauc_mrr_at_3_std": 0.066213,
        "nauc_mrr_at_3_diff1": 0.381308,
        "nauc_mrr_at_5_max": 0.309829,
        "nauc_mrr_at_5_std": 0.067139,
        "nauc_mrr_at_5_diff1": 0.375206,
        "nauc_mrr_at_10_max": 0.312259,
        "nauc_mrr_at_10_std": 0.065853,
        "nauc_mrr_at_10_diff1": 0.371493,
        "nauc_mrr_at_20_max": 0.312105,
        "nauc_mrr_at_20_std": 0.065,
        "nauc_mrr_at_20_diff1": 0.37073,
        "nauc_mrr_at_100_max": 0.311212,
        "nauc_mrr_at_100_std": 0.064662,
        "nauc_mrr_at_100_diff1": 0.370871,
        "nauc_mrr_at_1000_max": 0.311212,
        "nauc_mrr_at_1000_std": 0.064662,
        "nauc_mrr_at_1000_diff1": 0.370871,
        "main_score": 0.36333,
        "hf_subset": "default",
        "languages": [
          "eng-Latn"
        ]
      }
    ]
  },
  "evaluation_time": 3411.415416955948,
  "kg_co2_emissions": null
}