{
  "dataset_revision": "50e91b691d2a347735bc2c1b4dd235f4047d1984",
  "task_name": "ToolRetrieval",
  "mteb_version": "1.36.37",
  "scores": {
    "dev": [
      {
        "ndcg_at_1": 0.35046,
        "ndcg_at_3": 0.36988,
        "ndcg_at_5": 0.39425,
        "ndcg_at_10": 0.4215,
        "ndcg_at_20": 0.44265,
        "ndcg_at_100": 0.46818,
        "ndcg_at_1000": 0.46818,
        "map_at_1": 0.24217,
        "map_at_3": 0.32237,
        "map_at_5": 0.34229,
        "map_at_10": 0.35647,
        "map_at_20": 0.36361,
        "map_at_100": 0.36813,
        "map_at_1000": 0.36813,
        "recall_at_1": 0.24217,
        "recall_at_3": 0.38964,
        "recall_at_5": 0.45047,
        "recall_at_10": 0.52405,
        "recall_at_20": 0.59545,
        "recall_at_100": 0.71298,
        "recall_at_1000": 0.71298,
        "precision_at_1": 0.35046,
        "precision_at_3": 0.20303,
        "precision_at_5": 0.14513,
        "precision_at_10": 0.08621,
        "precision_at_20": 0.04965,
        "precision_at_100": 0.01202,
        "precision_at_1000": 0.0012,
        "mrr_at_1": 0.358749,
        "mrr_at_3": 0.431751,
        "mrr_at_5": 0.444638,
        "mrr_at_10": 0.453698,
        "mrr_at_20": 0.458046,
        "mrr_at_100": 0.460616,
        "mrr_at_1000": 0.460616,
        "nauc_ndcg_at_1_max": 0.359585,
        "nauc_ndcg_at_1_std": 0.144533,
        "nauc_ndcg_at_1_diff1": 0.426682,
        "nauc_ndcg_at_3_max": 0.425045,
        "nauc_ndcg_at_3_std": 0.132976,
        "nauc_ndcg_at_3_diff1": 0.364017,
        "nauc_ndcg_at_5_max": 0.439538,
        "nauc_ndcg_at_5_std": 0.133652,
        "nauc_ndcg_at_5_diff1": 0.348539,
        "nauc_ndcg_at_10_max": 0.449336,
        "nauc_ndcg_at_10_std": 0.131655,
        "nauc_ndcg_at_10_diff1": 0.342301,
        "nauc_ndcg_at_20_max": 0.447069,
        "nauc_ndcg_at_20_std": 0.135033,
        "nauc_ndcg_at_20_diff1": 0.342434,
        "nauc_ndcg_at_100_max": 0.440423,
        "nauc_ndcg_at_100_std": 0.125264,
        "nauc_ndcg_at_100_diff1": 0.342352,
        "nauc_ndcg_at_1000_max": 0.440423,
        "nauc_ndcg_at_1000_std": 0.125264,
        "nauc_ndcg_at_1000_diff1": 0.342352,
        "nauc_map_at_1_max": 0.380446,
        "nauc_map_at_1_std": 0.123302,
        "nauc_map_at_1_diff1": 0.44284,
        "nauc_map_at_3_max": 0.42193,
        "nauc_map_at_3_std": 0.13109,
        "nauc_map_at_3_diff1": 0.383408,
        "nauc_map_at_5_max": 0.431576,
        "nauc_map_at_5_std": 0.134394,
        "nauc_map_at_5_diff1": 0.373239,
        "nauc_map_at_10_max": 0.438138,
        "nauc_map_at_10_std": 0.133726,
        "nauc_map_at_10_diff1": 0.369815,
        "nauc_map_at_20_max": 0.437495,
        "nauc_map_at_20_std": 0.135127,
        "nauc_map_at_20_diff1": 0.369494,
        "nauc_map_at_100_max": 0.436248,
        "nauc_map_at_100_std": 0.133668,
        "nauc_map_at_100_diff1": 0.369409,
        "nauc_map_at_1000_max": 0.436248,
        "nauc_map_at_1000_std": 0.133668,
        "nauc_map_at_1000_diff1": 0.369409,
        "nauc_recall_at_1_max": 0.380446,
        "nauc_recall_at_1_std": 0.123302,
        "nauc_recall_at_1_diff1": 0.44284,
        "nauc_recall_at_3_max": 0.43564,
        "nauc_recall_at_3_std": 0.111914,
        "nauc_recall_at_3_diff1": 0.305429,
        "nauc_recall_at_5_max": 0.456043,
        "nauc_recall_at_5_std": 0.113923,
        "nauc_recall_at_5_diff1": 0.268931,
        "nauc_recall_at_10_max": 0.474172,
        "nauc_recall_at_10_std": 0.10464,
        "nauc_recall_at_10_diff1": 0.244921,
        "nauc_recall_at_20_max": 0.464571,
        "nauc_recall_at_20_std": 0.113138,
        "nauc_recall_at_20_diff1": 0.235685,
        "nauc_recall_at_100_max": 0.432816,
        "nauc_recall_at_100_std": 0.052548,
        "nauc_recall_at_100_diff1": 0.208514,
        "nauc_recall_at_1000_max": 0.432816,
        "nauc_recall_at_1000_std": 0.052548,
        "nauc_recall_at_1000_diff1": 0.208514,
        "nauc_precision_at_1_max": 0.359585,
        "nauc_precision_at_1_std": 0.144533,
        "nauc_precision_at_1_diff1": 0.426682,
        "nauc_precision_at_3_max": 0.365751,
        "nauc_precision_at_3_std": 0.137748,
        "nauc_precision_at_3_diff1": 0.240433,
        "nauc_precision_at_5_max": 0.342126,
        "nauc_precision_at_5_std": 0.130937,
        "nauc_precision_at_5_diff1": 0.178836,
        "nauc_precision_at_10_max": 0.313037,
        "nauc_precision_at_10_std": 0.111265,
        "nauc_precision_at_10_diff1": 0.131245,
        "nauc_precision_at_20_max": 0.253416,
        "nauc_precision_at_20_std": 0.104675,
        "nauc_precision_at_20_diff1": 0.098203,
        "nauc_precision_at_100_max": 0.14709,
        "nauc_precision_at_100_std": 0.040487,
        "nauc_precision_at_100_diff1": 0.039241,
        "nauc_precision_at_1000_max": 0.14709,
        "nauc_precision_at_1000_std": 0.040487,
        "nauc_precision_at_1000_diff1": 0.039241,
        "nauc_mrr_at_1_max": 0.354548,
        "nauc_mrr_at_1_std": 0.135081,
        "nauc_mrr_at_1_diff1": 0.402309,
        "nauc_mrr_at_3_max": 0.392725,
        "nauc_mrr_at_3_std": 0.131823,
        "nauc_mrr_at_3_diff1": 0.353772,
        "nauc_mrr_at_5_max": 0.395631,
        "nauc_mrr_at_5_std": 0.130658,
        "nauc_mrr_at_5_diff1": 0.347835,
        "nauc_mrr_at_10_max": 0.394955,
        "nauc_mrr_at_10_std": 0.130326,
        "nauc_mrr_at_10_diff1": 0.346409,
        "nauc_mrr_at_20_max": 0.394594,
        "nauc_mrr_at_20_std": 0.130845,
        "nauc_mrr_at_20_diff1": 0.347221,
        "nauc_mrr_at_100_max": 0.393752,
        "nauc_mrr_at_100_std": 0.130205,
        "nauc_mrr_at_100_diff1": 0.347595,
        "nauc_mrr_at_1000_max": 0.393752,
        "nauc_mrr_at_1000_std": 0.130205,
        "nauc_mrr_at_1000_diff1": 0.347595,
        "main_score": 0.4215,
        "hf_subset": "default",
        "languages": [
          "eng-Latn"
        ]
      }
    ]
  },
  "evaluation_time": 3923.26287317276,
  "kg_co2_emissions": null
}