{
  "dataset_revision": "50e91b691d2a347735bc2c1b4dd235f4047d1984",
  "task_name": "ToolRetrieval",
  "mteb_version": "1.36.37",
  "scores": {
    "dev": [
      {
        "ndcg_at_1": 0.32019,
        "ndcg_at_3": 0.35246,
        "ndcg_at_5": 0.37723,
        "ndcg_at_10": 0.40466,
        "ndcg_at_20": 0.42536,
        "ndcg_at_100": 0.45458,
        "ndcg_at_1000": 0.47616,
        "map_at_1": 0.23242,
        "map_at_3": 0.31035,
        "map_at_5": 0.3285,
        "map_at_10": 0.34232,
        "map_at_20": 0.34928,
        "map_at_100": 0.35425,
        "map_at_1000": 0.35522,
        "recall_at_1": 0.23242,
        "recall_at_3": 0.37914,
        "recall_at_5": 0.43774,
        "recall_at_10": 0.51028,
        "recall_at_20": 0.57944,
        "recall_at_100": 0.71298,
        "recall_at_1000": 0.86037,
        "precision_at_1": 0.32019,
        "precision_at_3": 0.18871,
        "precision_at_5": 0.13466,
        "precision_at_10": 0.08112,
        "precision_at_20": 0.04719,
        "precision_at_100": 0.01202,
        "precision_at_1000": 0.00149,
        "mrr_at_1": 0.319181,
        "mrr_at_3": 0.395616,
        "mrr_at_5": 0.40971,
        "mrr_at_10": 0.419054,
        "mrr_at_20": 0.423489,
        "mrr_at_100": 0.426495,
        "mrr_at_1000": 0.426949,
        "nauc_ndcg_at_1_max": 0.288524,
        "nauc_ndcg_at_1_std": 0.003251,
        "nauc_ndcg_at_1_diff1": 0.477037,
        "nauc_ndcg_at_3_max": 0.327961,
        "nauc_ndcg_at_3_std": 0.027737,
        "nauc_ndcg_at_3_diff1": 0.447342,
        "nauc_ndcg_at_5_max": 0.339862,
        "nauc_ndcg_at_5_std": 0.040582,
        "nauc_ndcg_at_5_diff1": 0.437497,
        "nauc_ndcg_at_10_max": 0.347097,
        "nauc_ndcg_at_10_std": 0.059941,
        "nauc_ndcg_at_10_diff1": 0.426201,
        "nauc_ndcg_at_20_max": 0.349713,
        "nauc_ndcg_at_20_std": 0.072641,
        "nauc_ndcg_at_20_diff1": 0.420555,
        "nauc_ndcg_at_100_max": 0.353711,
        "nauc_ndcg_at_100_std": 0.086306,
        "nauc_ndcg_at_100_diff1": 0.418115,
        "nauc_ndcg_at_1000_max": 0.349143,
        "nauc_ndcg_at_1000_std": 0.078408,
        "nauc_ndcg_at_1000_diff1": 0.421658,
        "nauc_map_at_1_max": 0.286395,
        "nauc_map_at_1_std": 0.007129,
        "nauc_map_at_1_diff1": 0.503511,
        "nauc_map_at_3_max": 0.318991,
        "nauc_map_at_3_std": 0.017912,
        "nauc_map_at_3_diff1": 0.459602,
        "nauc_map_at_5_max": 0.330391,
        "nauc_map_at_5_std": 0.02634,
        "nauc_map_at_5_diff1": 0.453836,
        "nauc_map_at_10_max": 0.335257,
        "nauc_map_at_10_std": 0.036344,
        "nauc_map_at_10_diff1": 0.448838,
        "nauc_map_at_20_max": 0.336629,
        "nauc_map_at_20_std": 0.041247,
        "nauc_map_at_20_diff1": 0.446907,
        "nauc_map_at_100_max": 0.337316,
        "nauc_map_at_100_std": 0.043789,
        "nauc_map_at_100_diff1": 0.446348,
        "nauc_map_at_1000_max": 0.337215,
        "nauc_map_at_1000_std": 0.043723,
        "nauc_map_at_1000_diff1": 0.446486,
        "nauc_recall_at_1_max": 0.286395,
        "nauc_recall_at_1_std": 0.007129,
        "nauc_recall_at_1_diff1": 0.503511,
        "nauc_recall_at_3_max": 0.323458,
        "nauc_recall_at_3_std": 0.036735,
        "nauc_recall_at_3_diff1": 0.40464,
        "nauc_recall_at_5_max": 0.343633,
        "nauc_recall_at_5_std": 0.063109,
        "nauc_recall_at_5_diff1": 0.378379,
        "nauc_recall_at_10_max": 0.354766,
        "nauc_recall_at_10_std": 0.109811,
        "nauc_recall_at_10_diff1": 0.339908,
        "nauc_recall_at_20_max": 0.358669,
        "nauc_recall_at_20_std": 0.154291,
        "nauc_recall_at_20_diff1": 0.30983,
        "nauc_recall_at_100_max": 0.385508,
        "nauc_recall_at_100_std": 0.252533,
        "nauc_recall_at_100_diff1": 0.266367,
        "nauc_recall_at_1000_max": 0.351706,
        "nauc_recall_at_1000_std": 0.261913,
        "nauc_recall_at_1000_diff1": 0.218732,
        "nauc_precision_at_1_max": 0.288524,
        "nauc_precision_at_1_std": 0.003251,
        "nauc_precision_at_1_diff1": 0.477037,
        "nauc_precision_at_3_max": 0.323592,
        "nauc_precision_at_3_std": 0.041976,
        "nauc_precision_at_3_diff1": 0.333594,
        "nauc_precision_at_5_max": 0.322348,
        "nauc_precision_at_5_std": 0.065496,
        "nauc_precision_at_5_diff1": 0.27249,
        "nauc_precision_at_10_max": 0.30223,
        "nauc_precision_at_10_std": 0.111781,
        "nauc_precision_at_10_diff1": 0.200274,
        "nauc_precision_at_20_max": 0.265464,
        "nauc_precision_at_20_std": 0.137685,
        "nauc_precision_at_20_diff1": 0.140008,
        "nauc_precision_at_100_max": 0.202188,
        "nauc_precision_at_100_std": 0.164933,
        "nauc_precision_at_100_diff1": 0.052908,
        "nauc_precision_at_1000_max": 0.089,
        "nauc_precision_at_1000_std": 0.086478,
        "nauc_precision_at_1000_diff1": -0.02874,
        "nauc_mrr_at_1_max": 0.288709,
        "nauc_mrr_at_1_std": 0.00269,
        "nauc_mrr_at_1_diff1": 0.480154,
        "nauc_mrr_at_3_max": 0.317718,
        "nauc_mrr_at_3_std": 0.029005,
        "nauc_mrr_at_3_diff1": 0.44594,
        "nauc_mrr_at_5_max": 0.322318,
        "nauc_mrr_at_5_std": 0.036593,
        "nauc_mrr_at_5_diff1": 0.441365,
        "nauc_mrr_at_10_max": 0.322626,
        "nauc_mrr_at_10_std": 0.041627,
        "nauc_mrr_at_10_diff1": 0.437634,
        "nauc_mrr_at_20_max": 0.322341,
        "nauc_mrr_at_20_std": 0.042834,
        "nauc_mrr_at_20_diff1": 0.43696,
        "nauc_mrr_at_100_max": 0.322404,
        "nauc_mrr_at_100_std": 0.043471,
        "nauc_mrr_at_100_diff1": 0.437261,
        "nauc_mrr_at_1000_max": 0.322285,
        "nauc_mrr_at_1000_std": 0.043251,
        "nauc_mrr_at_1000_diff1": 0.437404,
        "main_score": 0.40466,
        "hf_subset": "default",
        "languages": [
          "eng-Latn"
        ]
      }
    ]
  },
  "evaluation_time": 5659.137177228928,
  "kg_co2_emissions": null
}